{"minecraft:recipes/decorations/crafting_table":{"criteria":{"unlock_right_away":"2024-12-01 21:05:36 +0700"},"done":true},"minecraft:adventure/adventuring_time":{"criteria":{"minecraft:forest":"2024-12-01 21:05:37 +0700","minecraft:river":"2024-12-01 21:37:20 +0700"},"done":false},"minecraft:recipes/building_blocks/birch_planks":{"criteria":{"has_logs":"2024-12-01 21:06:30 +0700"},"done":true},"minecraft:recipes/misc/charcoal":{"criteria":{"has_log":"2024-12-01 21:06:30 +0700"},"done":true},"minecraft:recipes/building_blocks/birch_wood":{"criteria":{"has_log":"2024-12-01 21:06:30 +0700"},"done":true},"minecraft:recipes/misc/pink_dye_from_peony":{"criteria":{"has_peony":"2024-12-01 21:07:00 +0700"},"done":true},"minecraft:recipes/building_blocks/oak_planks":{"criteria":{"has_logs":"2024-12-01 21:07:16 +0700"},"done":true},"minecraft:recipes/building_blocks/oak_wood":{"criteria":{"has_log":"2024-12-01 21:07:16 +0700"},"done":true},"minecraft:recipes/building_blocks/oak_slab":{"criteria":{"has_planks":"2024-12-01 21:07:43 +0700"},"done":true},"minecraft:recipes/decorations/oak_sign":{"criteria":{"has_planks":"2024-12-01 21:07:43 +0700"},"done":true},"minecraft:recipes/redstone/oak_trapdoor":{"criteria":{"has_planks":"2024-12-01 21:07:43 +0700"},"done":true},"minecraft:recipes/redstone/oak_fence_gate":{"criteria":{"has_planks":"2024-12-01 21:07:43 +0700"},"done":true},"minecraft:recipes/redstone/oak_pressure_plate":{"criteria":{"has_planks":"2024-12-01 21:07:43 +0700"},"done":true},"minecraft:recipes/redstone/oak_door":{"criteria":{"has_planks":"2024-12-01 21:07:43 +0700"},"done":true},"minecraft:recipes/misc/stick":{"criteria":{"has_planks":"2024-12-01 21:07:43 +0700"},"done":true},"minecraft:recipes/building_blocks/oak_stairs":{"criteria":{"has_planks":"2024-12-01 21:07:43 +0700"},"done":true},"minecraft:recipes/decorations/oak_fence":{"criteria":{"has_planks":"2024-12-01 21:07:43 +0700"},"done":true},"minecraft:recipes/decorations/barrel":{"criteria":{"has_planks":"2024-12-01 21:07:43 +0700"},"done":true},"minecraft:recipes/redstone/oak_button":{"criteria":{"has_planks":"2024-12-01 21:07:43 +0700"},"done":true},"minecraft:recipes/redstone/birch_button":{"criteria":{"has_planks":"2024-12-01 21:09:07 +0700"},"done":true},"minecraft:recipes/redstone/birch_door":{"criteria":{"has_planks":"2024-12-01 21:09:07 +0700"},"done":true},"minecraft:recipes/decorations/birch_fence":{"criteria":{"has_planks":"2024-12-01 21:09:07 +0700"},"done":true},"minecraft:recipes/redstone/birch_trapdoor":{"criteria":{"has_planks":"2024-12-01 21:09:07 +0700"},"done":true},"minecraft:recipes/decorations/birch_sign":{"criteria":{"has_planks":"2024-12-01 21:09:07 +0700"},"done":true},"minecraft:recipes/redstone/birch_fence_gate":{"criteria":{"has_planks":"2024-12-01 21:09:07 +0700"},"done":true},"minecraft:recipes/redstone/birch_pressure_plate":{"criteria":{"has_planks":"2024-12-01 21:09:07 +0700"},"done":true},"minecraft:recipes/building_blocks/birch_slab":{"criteria":{"has_planks":"2024-12-01 21:09:07 +0700"},"done":true},"minecraft:recipes/building_blocks/birch_stairs":{"criteria":{"has_planks":"2024-12-01 21:09:07 +0700"},"done":true},"minecraft:recipes/decorations/ladder":{"criteria":{"has_stick":"2024-12-01 21:09:14 +0700"},"done":true},"minecraft:recipes/decorations/campfire":{"criteria":{"has_stick":"2024-12-01 21:09:14 +0700"},"done":true},"minecraft:recipes/tools/wooden_hoe":{"criteria":{"has_stick":"2024-12-01 21:09:14 +0700"},"done":true},"minecraft:recipes/tools/wooden_pickaxe":{"criteria":{"has_stick":"2024-12-01 21:09:14 +0700"},"done":true},"minecraft:recipes/tools/wooden_axe":{"criteria":{"has_stick":"2024-12-01 21:09:14 +0700"},"done":true},"minecraft:recipes/tools/wooden_shovel":{"criteria":{"has_stick":"2024-12-01 21:09:14 +0700"},"done":true},"minecraft:recipes/combat/wooden_sword":{"criteria":{"has_stick":"2024-12-01 21:09:14 +0700"},"done":true},"minecraft:story/root":{"criteria":{"crafting_table":"2024-12-01 21:09:18 +0700"},"done":true},"minecraft:adventure/root":{"criteria":{"killed_by_something":"2024-12-01 21:15:32 +0700"},"done":true},"minecraft:adventure/kill_all_mobs":{"criteria":{"minecraft:zombie":"2024-12-01 21:15:44 +0700","minecraft:creeper":"2024-12-01 22:15:15 +0700"},"done":false},"minecraft:adventure/kill_a_mob":{"criteria":{"minecraft:zombie":"2024-12-01 21:15:44 +0700"},"done":true},"minecraft:recipes/decorations/chest":{"criteria":{"has_lots_of_items":"2024-12-01 21:18:57 +0700"},"done":true},"minecraft:husbandry/balanced_diet":{"criteria":{"apple":"2024-12-01 21:26:20 +0700","cooked_chicken":"2024-12-01 21:53:21 +0700","rotten_flesh":"2024-12-01 21:27:08 +0700","cooked_salmon":"2024-12-01 21:51:04 +0700"},"done":false},"minecraft:husbandry/root":{"criteria":{"consumed_item":"2024-12-01 21:26:20 +0700"},"done":true},"minecraft:recipes/redstone/lever":{"criteria":{"has_cobblestone":"2024-12-01 21:41:34 +0700"},"done":true},"minecraft:recipes/building_blocks/lime_concrete_powder":{"criteria":{"has_sand":"2024-12-01 22:03:07 +0700"},"done":true},"minecraft:recipes/combat/leather_helmet":{"criteria":{"has_leather":"2024-12-01 21:57:32 +0700"},"done":true},"minecraft:recipes/transportation/mangrove_boat":{"criteria":{"in_water":"2024-12-01 21:37:19 +0700"},"done":true},"minecraft:recipes/decorations/torch":{"criteria":{"has_stone_pickaxe":"2024-12-01 21:48:45 +0700"},"done":true},"minecraft:recipes/decorations/gray_bed":{"criteria":{"has_gray_wool":"2024-12-01 21:57:55 +0700"},"done":true},"minecraft:recipes/building_blocks/light_gray_concrete_powder":{"criteria":{"has_sand":"2024-12-01 22:03:07 +0700"},"done":true},"minecraft:recipes/combat/leather_leggings":{"criteria":{"has_leather":"2024-12-01 21:57:32 +0700"},"done":true},"minecraft:recipes/building_blocks/pink_concrete_powder":{"criteria":{"has_sand":"2024-12-01 22:03:07 +0700"},"done":true},"minecraft:recipes/building_blocks/andesite_stairs_from_andesite_stonecutting":{"criteria":{"has_andesite":"2024-12-01 21:42:16 +0700"},"done":true},"minecraft:recipes/building_blocks/red_stained_glass":{"criteria":{"has_glass":"2024-12-01 22:08:26 +0700"},"done":true},"minecraft:recipes/food/cooked_beef_from_smoking":{"criteria":{"has_beef":"2024-12-01 21:57:32 +0700"},"done":true},"minecraft:recipes/food/cooked_chicken_from_campfire_cooking":{"criteria":{"has_chicken":"2024-12-01 21:40:02 +0700"},"done":true},"minecraft:recipes/food/cooked_mutton_from_smoking":{"criteria":{"has_mutton":"2024-12-01 21:57:11 +0700"},"done":true},"minecraft:recipes/building_blocks/light_blue_stained_glass":{"criteria":{"has_glass":"2024-12-01 22:08:26 +0700"},"done":true},"minecraft:recipes/building_blocks/orange_concrete_powder":{"criteria":{"has_sand":"2024-12-01 22:03:07 +0700"},"done":true},"minecraft:recipes/food/cooked_salmon_from_smoking":{"criteria":{"has_salmon":"2024-12-01 21:37:36 +0700"},"done":true},"minecraft:recipes/brewing/glass_bottle":{"criteria":{"has_glass":"2024-12-01 22:08:26 +0700"},"done":true},"minecraft:recipes/building_blocks/green_stained_glass":{"criteria":{"has_glass":"2024-12-01 22:08:26 +0700"},"done":true},"minecraft:recipes/building_blocks/red_concrete_powder":{"criteria":{"has_sand":"2024-12-01 22:03:07 +0700"},"done":true},"minecraft:recipes/combat/stone_sword":{"criteria":{"has_cobblestone":"2024-12-01 21:41:34 +0700"},"done":true},"minecraft:recipes/decorations/cobblestone_wall":{"criteria":{"has_cobblestone":"2024-12-01 21:41:34 +0700"},"done":true},"minecraft:recipes/tools/stone_pickaxe":{"criteria":{"has_cobblestone":"2024-12-01 21:41:34 +0700"},"done":true},"minecraft:recipes/building_blocks/brown_stained_glass":{"criteria":{"has_glass":"2024-12-01 22:08:26 +0700"},"done":true},"minecraft:recipes/building_blocks/light_gray_stained_glass":{"criteria":{"has_glass":"2024-12-01 22:08:26 +0700"},"done":true},"minecraft:recipes/food/cooked_chicken":{"criteria":{"has_chicken":"2024-12-01 21:40:02 +0700"},"done":true},"minecraft:recipes/tools/stone_axe":{"criteria":{"has_cobblestone":"2024-12-01 21:41:34 +0700"},"done":true},"minecraft:recipes/food/cooked_mutton":{"criteria":{"has_mutton":"2024-12-01 21:57:11 +0700"},"done":true},"minecraft:recipes/building_blocks/magenta_concrete_powder":{"criteria":{"has_sand":"2024-12-01 22:03:07 +0700"},"done":true},"minecraft:recipes/building_blocks/brown_concrete_powder":{"criteria":{"has_sand":"2024-12-01 22:03:07 +0700"},"done":true},"minecraft:recipes/building_blocks/blue_stained_glass":{"criteria":{"has_glass":"2024-12-01 22:08:26 +0700"},"done":true},"minecraft:recipes/misc/white_dye":{"criteria":{"has_bone_meal":"2024-12-01 21:37:39 +0700"},"done":true},"minecraft:recipes/decorations/white_banner":{"criteria":{"has_white_wool":"2024-12-01 21:57:12 +0700"},"done":true},"minecraft:recipes/building_blocks/light_blue_concrete_powder":{"criteria":{"has_sand":"2024-12-01 22:03:07 +0700"},"done":true},"minecraft:recipes/building_blocks/glass":{"criteria":{"has_smelts_to_glass":"2024-12-01 22:03:07 +0700"},"done":true},"minecraft:recipes/food/cooked_chicken_from_smoking":{"criteria":{"has_chicken":"2024-12-01 21:40:02 +0700"},"done":true},"minecraft:story/mine_stone":{"criteria":{"get_stone":"2024-12-01 21:41:34 +0700"},"done":true},"minecraft:recipes/decorations/furnace":{"criteria":{"has_cobblestone":"2024-12-01 21:41:34 +0700"},"done":true},"minecraft:recipes/building_blocks/andesite_stairs":{"criteria":{"has_andesite":"2024-12-01 21:42:16 +0700"},"done":true},"minecraft:recipes/building_blocks/green_concrete_powder":{"criteria":{"has_sand":"2024-12-01 22:03:07 +0700"},"done":true},"minecraft:recipes/building_blocks/polished_andesite_from_andesite_stonecutting":{"criteria":{"has_andesite":"2024-12-01 21:42:16 +0700"},"done":true},"minecraft:recipes/building_blocks/orange_stained_glass":{"criteria":{"has_glass":"2024-12-01 22:08:26 +0700"},"done":true},"minecraft:recipes/food/cooked_salmon_from_campfire_cooking":{"criteria":{"has_salmon":"2024-12-01 21:37:36 +0700"},"done":true},"minecraft:recipes/decorations/item_frame":{"criteria":{"has_leather":"2024-12-01 21:57:32 +0700"},"done":true},"minecraft:story/upgrade_tools":{"criteria":{"stone_pickaxe":"2024-12-01 21:48:45 +0700"},"done":true},"minecraft:recipes/decorations/painting":{"criteria":{"has_wool":"2024-12-01 21:57:12 +0700"},"done":true},"minecraft:recipes/combat/arrow":{"criteria":{"has_feather":"2024-12-01 21:40:13 +0700"},"done":true},"minecraft:recipes/building_blocks/blue_concrete_powder":{"criteria":{"has_sand":"2024-12-01 22:03:07 +0700"},"done":true},"minecraft:recipes/building_blocks/cyan_stained_glass":{"criteria":{"has_glass":"2024-12-01 22:08:26 +0700"},"done":true},"minecraft:recipes/food/cooked_salmon":{"criteria":{"has_salmon":"2024-12-01 21:37:36 +0700"},"done":true},"minecraft:recipes/combat/leather_chestplate":{"criteria":{"has_leather":"2024-12-01 21:57:32 +0700"},"done":true},"minecraft:recipes/building_blocks/polished_andesite":{"criteria":{"has_andesite":"2024-12-01 21:42:16 +0700"},"done":true},"minecraft:recipes/decorations/composter":{"criteria":{"has_wood_slab":"2024-12-01 21:49:26 +0700"},"done":true},"minecraft:recipes/decorations/andesite_wall_from_andesite_stonecutting":{"criteria":{"has_andesite":"2024-12-01 21:42:16 +0700"},"done":true},"minecraft:recipes/building_blocks/pink_stained_glass":{"criteria":{"has_glass":"2024-12-01 22:08:26 +0700"},"done":true},"minecraft:recipes/decorations/smoker":{"criteria":{"has_furnace":"2024-12-01 21:43:54 +0700"},"done":true},"minecraft:recipes/food/cooked_mutton_from_campfire_cooking":{"criteria":{"has_mutton":"2024-12-01 21:57:11 +0700"},"done":true},"minecraft:recipes/building_blocks/black_stained_glass":{"criteria":{"has_glass":"2024-12-01 22:08:26 +0700"},"done":true},"minecraft:recipes/building_blocks/gray_stained_glass":{"criteria":{"has_glass":"2024-12-01 22:08:26 +0700"},"done":true},"minecraft:recipes/building_blocks/yellow_concrete_powder":{"criteria":{"has_sand":"2024-12-01 22:03:07 +0700"},"done":true},"minecraft:recipes/building_blocks/purple_stained_glass":{"criteria":{"has_glass":"2024-12-01 22:08:26 +0700"},"done":true},"minecraft:recipes/building_blocks/cobblestone_slab":{"criteria":{"has_cobblestone":"2024-12-01 21:41:34 +0700"},"done":true},"minecraft:recipes/building_blocks/yellow_stained_glass":{"criteria":{"has_glass":"2024-12-01 22:08:26 +0700"},"done":true},"minecraft:adventure/sleep_in_bed":{"criteria":{"slept_in_bed":"2024-12-01 22:13:55 +0700"},"done":true},"minecraft:recipes/building_blocks/sandstone":{"criteria":{"has_sand":"2024-12-01 22:03:07 +0700"},"done":true},"minecraft:recipes/building_blocks/cobblestone_slab_from_cobblestone_stonecutting":{"criteria":{"has_cobblestone":"2024-12-01 21:41:34 +0700"},"done":true},"minecraft:recipes/building_blocks/polished_andesite_slab_from_andesite_stonecutting":{"criteria":{"has_andesite":"2024-12-01 21:42:16 +0700"},"done":true},"minecraft:recipes/transportation/acacia_boat":{"criteria":{"in_water":"2024-12-01 21:37:19 +0700"},"done":true},"minecraft:recipes/transportation/cherry_boat":{"criteria":{"in_water":"2024-12-01 21:37:19 +0700"},"done":true},"minecraft:recipes/building_blocks/white_concrete_powder":{"criteria":{"has_sand":"2024-12-01 22:03:07 +0700"},"done":true},"minecraft:recipes/building_blocks/lime_stained_glass":{"criteria":{"has_glass":"2024-12-01 22:08:26 +0700"},"done":true},"minecraft:recipes/decorations/gray_banner":{"criteria":{"has_gray_wool":"2024-12-01 21:57:55 +0700"},"done":true},"minecraft:recipes/building_blocks/gray_concrete_powder":{"criteria":{"has_sand":"2024-12-01 22:03:07 +0700"},"done":true},"minecraft:recipes/decorations/gray_carpet":{"criteria":{"has_gray_wool":"2024-12-01 21:57:55 +0700"},"done":true},"minecraft:recipes/misc/bone_meal":{"criteria":{"has_bone":"2024-12-01 21:56:35 +0700"},"done":true},"minecraft:recipes/building_blocks/black_concrete_powder":{"criteria":{"has_sand":"2024-12-01 22:03:07 +0700"},"done":true},"minecraft:recipes/building_blocks/stone":{"criteria":{"has_cobblestone":"2024-12-01 21:41:34 +0700"},"done":true},"minecraft:recipes/transportation/bamboo_raft":{"criteria":{"in_water":"2024-12-01 21:37:19 +0700"},"done":true},"minecraft:recipes/combat/leather_boots":{"criteria":{"has_leather":"2024-12-01 21:57:32 +0700"},"done":true},"minecraft:recipes/decorations/cobblestone_wall_from_cobblestone_stonecutting":{"criteria":{"has_cobblestone":"2024-12-01 21:41:34 +0700"},"done":true},"minecraft:recipes/decorations/andesite_wall":{"criteria":{"has_andesite":"2024-12-01 21:42:16 +0700"},"done":true},"minecraft:recipes/building_blocks/andesite_slab":{"criteria":{"has_andesite":"2024-12-01 21:42:16 +0700"},"done":true},"minecraft:recipes/building_blocks/cobblestone_stairs_from_cobblestone_stonecutting":{"criteria":{"has_cobblestone":"2024-12-01 21:41:34 +0700"},"done":true},"minecraft:recipes/building_blocks/polished_andesite_stairs_from_andesite_stonecutting":{"criteria":{"has_andesite":"2024-12-01 21:42:16 +0700"},"done":true},"minecraft:recipes/decorations/white_bed":{"criteria":{"has_white_wool":"2024-12-01 21:57:12 +0700"},"done":true},"minecraft:recipes/transportation/spruce_boat":{"criteria":{"in_water":"2024-12-01 21:37:19 +0700"},"done":true},"minecraft:recipes/misc/firework_rocket_simple":{"criteria":{"has_gunpowder":"2024-12-01 22:15:17 +0700"},"done":true},"minecraft:recipes/building_blocks/cobblestone_stairs":{"criteria":{"has_cobblestone":"2024-12-01 21:41:34 +0700"},"done":true},"minecraft:recipes/misc/leather_horse_armor":{"criteria":{"has_leather":"2024-12-01 21:57:32 +0700"},"done":true},"minecraft:recipes/redstone/tnt":{"criteria":{"has_gunpowder":"2024-12-01 22:15:17 +0700"},"done":true},"minecraft:recipes/building_blocks/purple_concrete_powder":{"criteria":{"has_sand":"2024-12-01 22:03:07 +0700"},"done":true},"minecraft:recipes/transportation/birch_boat":{"criteria":{"in_water":"2024-12-01 21:37:19 +0700"},"done":true},"minecraft:recipes/tools/stone_hoe":{"criteria":{"has_cobblestone":"2024-12-01 21:41:34 +0700"},"done":true},"minecraft:recipes/decorations/white_carpet":{"criteria":{"has_white_wool":"2024-12-01 21:57:12 +0700"},"done":true},"minecraft:recipes/decorations/glass_pane":{"criteria":{"has_glass":"2024-12-01 22:08:26 +0700"},"done":true},"minecraft:recipes/building_blocks/magenta_stained_glass":{"criteria":{"has_glass":"2024-12-01 22:08:26 +0700"},"done":true},"minecraft:recipes/transportation/oak_boat":{"criteria":{"in_water":"2024-12-01 21:37:19 +0700"},"done":true},"minecraft:recipes/building_blocks/cyan_concrete_powder":{"criteria":{"has_sand":"2024-12-01 22:03:07 +0700"},"done":true},"minecraft:recipes/building_blocks/white_stained_glass":{"criteria":{"has_glass":"2024-12-01 22:08:26 +0700"},"done":true},"minecraft:recipes/building_blocks/andesite_slab_from_andesite_stonecutting":{"criteria":{"has_andesite":"2024-12-01 21:42:16 +0700"},"done":true},"minecraft:recipes/tools/stone_shovel":{"criteria":{"has_cobblestone":"2024-12-01 21:41:34 +0700"},"done":true},"minecraft:recipes/food/cooked_beef":{"criteria":{"has_beef":"2024-12-01 21:57:32 +0700"},"done":true},"minecraft:recipes/transportation/jungle_boat":{"criteria":{"in_water":"2024-12-01 21:37:19 +0700"},"done":true},"minecraft:recipes/transportation/dark_oak_boat":{"criteria":{"in_water":"2024-12-01 21:37:19 +0700"},"done":true},"minecraft:recipes/food/cooked_beef_from_campfire_cooking":{"criteria":{"has_beef":"2024-12-01 21:57:32 +0700"},"done":true},"minecraft:recipes/building_blocks/bone_block":{"criteria":{"has_bone_meal":"2024-12-01 21:37:39 +0700"},"done":true},"DataVersion":4082}