{"minecraft:recipes/decorations/crafting_table":{"criteria":{"unlock_right_away":"2024-12-01 23:44:41 +0700"},"done":true},"minecraft:adventure/adventuring_time":{"criteria":{"minecraft:beach":"2024-12-02 16:58:00 +0700","minecraft:forest":"2024-12-01 23:44:42 +0700","minecraft:taiga":"2024-12-02 16:28:08 +0700","minecraft:river":"2024-12-01 23:57:37 +0700","minecraft:plains":"2024-12-02 11:24:30 +0700"},"done":false},"minecraft:adventure/sleep_in_bed":{"criteria":{"slept_in_bed":"2024-12-01 23:45:08 +0700"},"done":true},"minecraft:recipes/redstone/lever":{"criteria":{"has_cobblestone":"2024-12-01 23:45:50 +0700"},"done":true},"minecraft:recipes/combat/stone_sword":{"criteria":{"has_cobblestone":"2024-12-01 23:45:50 +0700"},"done":true},"minecraft:recipes/decorations/cobblestone_wall":{"criteria":{"has_cobblestone":"2024-12-01 23:45:50 +0700"},"done":true},"minecraft:recipes/tools/stone_pickaxe":{"criteria":{"has_cobblestone":"2024-12-01 23:45:50 +0700"},"done":true},"minecraft:recipes/tools/stone_axe":{"criteria":{"has_cobblestone":"2024-12-01 23:45:50 +0700"},"done":true},"minecraft:story/mine_stone":{"criteria":{"get_stone":"2024-12-01 23:45:50 +0700"},"done":true},"minecraft:recipes/decorations/furnace":{"criteria":{"has_cobblestone":"2024-12-01 23:45:50 +0700"},"done":true},"minecraft:recipes/building_blocks/cobblestone_slab":{"criteria":{"has_cobblestone":"2024-12-01 23:45:50 +0700"},"done":true},"minecraft:recipes/building_blocks/cobblestone_slab_from_cobblestone_stonecutting":{"criteria":{"has_cobblestone":"2024-12-01 23:45:50 +0700"},"done":true},"minecraft:recipes/building_blocks/stone":{"criteria":{"has_cobblestone":"2024-12-01 23:45:50 +0700"},"done":true},"minecraft:recipes/decorations/cobblestone_wall_from_cobblestone_stonecutting":{"criteria":{"has_cobblestone":"2024-12-01 23:45:50 +0700"},"done":true},"minecraft:recipes/building_blocks/cobblestone_stairs_from_cobblestone_stonecutting":{"criteria":{"has_cobblestone":"2024-12-01 23:45:50 +0700"},"done":true},"minecraft:recipes/building_blocks/cobblestone_stairs":{"criteria":{"has_cobblestone":"2024-12-01 23:45:50 +0700"},"done":true},"minecraft:recipes/tools/stone_hoe":{"criteria":{"has_cobblestone":"2024-12-01 23:45:50 +0700"},"done":true},"minecraft:recipes/tools/stone_shovel":{"criteria":{"has_cobblestone":"2024-12-01 23:45:50 +0700"},"done":true},"minecraft:recipes/decorations/ladder":{"criteria":{"has_stick":"2024-12-01 23:45:55 +0700"},"done":true},"minecraft:recipes/decorations/campfire":{"criteria":{"has_stick":"2024-12-01 23:45:55 +0700"},"done":true},"minecraft:recipes/tools/wooden_hoe":{"criteria":{"has_stick":"2024-12-01 23:45:55 +0700"},"done":true},"minecraft:recipes/tools/wooden_pickaxe":{"criteria":{"has_stick":"2024-12-01 23:45:55 +0700"},"done":true},"minecraft:recipes/tools/wooden_axe":{"criteria":{"has_stick":"2024-12-01 23:45:55 +0700"},"done":true},"minecraft:recipes/tools/wooden_shovel":{"criteria":{"has_stick":"2024-12-01 23:45:55 +0700"},"done":true},"minecraft:recipes/combat/wooden_sword":{"criteria":{"has_stick":"2024-12-01 23:45:55 +0700"},"done":true},"minecraft:recipes/decorations/torch":{"criteria":{"has_stone_pickaxe":"2024-12-01 23:46:04 +0700"},"done":true},"minecraft:story/upgrade_tools":{"criteria":{"stone_pickaxe":"2024-12-01 23:46:04 +0700"},"done":true},"minecraft:recipes/misc/copper_ingot_from_blasting_raw_copper":{"criteria":{"has_raw_copper":"2024-12-01 23:46:59 +0700"},"done":true},"minecraft:recipes/building_blocks/raw_copper_block":{"criteria":{"has_raw_copper":"2024-12-01 23:46:59 +0700"},"done":true},"minecraft:recipes/misc/copper_ingot_from_smelting_raw_copper":{"criteria":{"has_raw_copper":"2024-12-01 23:46:59 +0700"},"done":true},"minecraft:adventure/root":{"criteria":{"killed_something":"2024-12-01 23:48:26 +0700"},"done":true},"minecraft:recipes/food/cooked_mutton_from_smoking":{"criteria":{"has_mutton":"2024-12-01 23:48:27 +0700"},"done":true},"minecraft:recipes/food/cooked_mutton":{"criteria":{"has_mutton":"2024-12-01 23:48:27 +0700"},"done":true},"minecraft:recipes/decorations/white_banner":{"criteria":{"has_white_wool":"2024-12-01 23:48:27 +0700"},"done":true},"minecraft:recipes/decorations/painting":{"criteria":{"has_wool":"2024-12-01 23:48:27 +0700"},"done":true},"minecraft:recipes/food/cooked_mutton_from_campfire_cooking":{"criteria":{"has_mutton":"2024-12-01 23:48:27 +0700"},"done":true},"minecraft:recipes/decorations/white_bed":{"criteria":{"has_white_wool":"2024-12-01 23:48:27 +0700"},"done":true},"minecraft:recipes/decorations/white_carpet":{"criteria":{"has_white_wool":"2024-12-01 23:48:27 +0700"},"done":true},"minecraft:recipes/building_blocks/lime_concrete_powder":{"criteria":{"has_sand":"2024-12-01 23:49:26 +0700"},"done":true},"minecraft:recipes/building_blocks/light_gray_concrete_powder":{"criteria":{"has_sand":"2024-12-01 23:49:26 +0700"},"done":true},"minecraft:recipes/building_blocks/pink_concrete_powder":{"criteria":{"has_sand":"2024-12-01 23:49:26 +0700"},"done":true},"minecraft:recipes/building_blocks/orange_concrete_powder":{"criteria":{"has_sand":"2024-12-01 23:49:26 +0700"},"done":true},"minecraft:recipes/building_blocks/red_concrete_powder":{"criteria":{"has_sand":"2024-12-01 23:49:26 +0700"},"done":true},"minecraft:recipes/building_blocks/magenta_concrete_powder":{"criteria":{"has_sand":"2024-12-01 23:49:26 +0700"},"done":true},"minecraft:recipes/building_blocks/brown_concrete_powder":{"criteria":{"has_sand":"2024-12-01 23:49:26 +0700"},"done":true},"minecraft:recipes/building_blocks/light_blue_concrete_powder":{"criteria":{"has_sand":"2024-12-01 23:49:26 +0700"},"done":true},"minecraft:recipes/building_blocks/glass":{"criteria":{"has_smelts_to_glass":"2024-12-01 23:49:26 +0700"},"done":true},"minecraft:recipes/building_blocks/green_concrete_powder":{"criteria":{"has_sand":"2024-12-01 23:49:26 +0700"},"done":true},"minecraft:recipes/building_blocks/blue_concrete_powder":{"criteria":{"has_sand":"2024-12-01 23:49:26 +0700"},"done":true},"minecraft:recipes/building_blocks/yellow_concrete_powder":{"criteria":{"has_sand":"2024-12-01 23:49:26 +0700"},"done":true},"minecraft:recipes/building_blocks/sandstone":{"criteria":{"has_sand":"2024-12-01 23:49:26 +0700"},"done":true},"minecraft:recipes/building_blocks/white_concrete_powder":{"criteria":{"has_sand":"2024-12-01 23:49:26 +0700"},"done":true},"minecraft:recipes/building_blocks/gray_concrete_powder":{"criteria":{"has_sand":"2024-12-01 23:49:26 +0700"},"done":true},"minecraft:recipes/building_blocks/black_concrete_powder":{"criteria":{"has_sand":"2024-12-01 23:49:26 +0700"},"done":true},"minecraft:recipes/building_blocks/purple_concrete_powder":{"criteria":{"has_sand":"2024-12-01 23:49:26 +0700"},"done":true},"minecraft:recipes/building_blocks/cyan_concrete_powder":{"criteria":{"has_sand":"2024-12-01 23:49:26 +0700"},"done":true},"minecraft:recipes/redstone/birch_button":{"criteria":{"has_planks":"2024-12-01 23:49:27 +0700"},"done":true},"minecraft:recipes/redstone/birch_door":{"criteria":{"has_planks":"2024-12-01 23:49:27 +0700"},"done":true},"minecraft:recipes/decorations/birch_fence":{"criteria":{"has_planks":"2024-12-01 23:49:27 +0700"},"done":true},"minecraft:recipes/redstone/birch_trapdoor":{"criteria":{"has_planks":"2024-12-01 23:49:27 +0700"},"done":true},"minecraft:recipes/misc/stick":{"criteria":{"has_planks":"2024-12-01 23:49:27 +0700"},"done":true},"minecraft:recipes/decorations/birch_sign":{"criteria":{"has_planks":"2024-12-01 23:49:27 +0700"},"done":true},"minecraft:recipes/redstone/birch_fence_gate":{"criteria":{"has_planks":"2024-12-01 23:49:27 +0700"},"done":true},"minecraft:recipes/decorations/barrel":{"criteria":{"has_planks":"2024-12-01 23:49:27 +0700"},"done":true},"minecraft:recipes/redstone/birch_pressure_plate":{"criteria":{"has_planks":"2024-12-01 23:49:27 +0700"},"done":true},"minecraft:recipes/building_blocks/birch_slab":{"criteria":{"has_planks":"2024-12-01 23:49:27 +0700"},"done":true},"minecraft:recipes/building_blocks/birch_stairs":{"criteria":{"has_planks":"2024-12-01 23:49:27 +0700"},"done":true},"minecraft:recipes/decorations/chest":{"criteria":{"has_lots_of_items":"2024-12-01 23:49:29 +0700"},"done":true},"minecraft:recipes/building_blocks/oak_slab":{"criteria":{"has_planks":"2024-12-01 23:50:59 +0700"},"done":true},"minecraft:recipes/decorations/oak_sign":{"criteria":{"has_planks":"2024-12-01 23:50:59 +0700"},"done":true},"minecraft:recipes/redstone/oak_trapdoor":{"criteria":{"has_planks":"2024-12-01 23:50:59 +0700"},"done":true},"minecraft:recipes/redstone/oak_fence_gate":{"criteria":{"has_planks":"2024-12-01 23:50:59 +0700"},"done":true},"minecraft:recipes/redstone/oak_pressure_plate":{"criteria":{"has_planks":"2024-12-01 23:50:59 +0700"},"done":true},"minecraft:recipes/redstone/oak_door":{"criteria":{"has_planks":"2024-12-01 23:50:59 +0700"},"done":true},"minecraft:recipes/building_blocks/oak_stairs":{"criteria":{"has_planks":"2024-12-01 23:50:59 +0700"},"done":true},"minecraft:recipes/decorations/oak_fence":{"criteria":{"has_planks":"2024-12-01 23:50:59 +0700"},"done":true},"minecraft:recipes/redstone/oak_button":{"criteria":{"has_planks":"2024-12-01 23:50:59 +0700"},"done":true},"minecraft:recipes/building_blocks/birch_planks":{"criteria":{"has_logs":"2024-12-01 23:52:51 +0700"},"done":true},"minecraft:recipes/misc/charcoal":{"criteria":{"has_log":"2024-12-01 23:52:51 +0700"},"done":true},"minecraft:recipes/building_blocks/birch_wood":{"criteria":{"has_log":"2024-12-01 23:52:51 +0700"},"done":true},"minecraft:recipes/building_blocks/oak_planks":{"criteria":{"has_logs":"2024-12-01 23:53:06 +0700"},"done":true},"minecraft:recipes/building_blocks/oak_wood":{"criteria":{"has_log":"2024-12-01 23:53:06 +0700"},"done":true},"minecraft:husbandry/balanced_diet":{"criteria":{"rotten_flesh":"2024-12-01 23:57:30 +0700","cooked_mutton":"2024-12-02 11:24:28 +0700","cooked_beef":"2024-12-01 23:53:37 +0700","cooked_salmon":"2024-12-02 16:21:12 +0700"},"done":false},"minecraft:husbandry/root":{"criteria":{"consumed_item":"2024-12-01 23:53:37 +0700"},"done":true},"minecraft:adventure/kill_all_mobs":{"criteria":{"minecraft:skeleton":"2024-12-02 17:02:17 +0700","minecraft:spider":"2024-12-02 16:41:14 +0700","minecraft:zombie":"2024-12-01 23:57:21 +0700"},"done":false},"minecraft:adventure/kill_a_mob":{"criteria":{"minecraft:zombie":"2024-12-01 23:57:21 +0700"},"done":true},"minecraft:recipes/misc/brick":{"criteria":{"has_clay_ball":"2024-12-01 23:58:35 +0700"},"done":true},"minecraft:recipes/building_blocks/clay":{"criteria":{"has_clay_ball":"2024-12-01 23:58:35 +0700"},"done":true},"minecraft:husbandry/plant_seed":{"criteria":{"wheat":"2024-12-01 23:58:53 +0700"},"done":true},"minecraft:recipes/misc/bone_meal":{"criteria":{"has_bone":"2024-12-01 23:59:49 +0700"},"done":true},"minecraft:recipes/misc/white_dye":{"criteria":{"has_bone_meal":"2024-12-02 00:00:12 +0700"},"done":true},"minecraft:recipes/building_blocks/bone_block":{"criteria":{"has_bone_meal":"2024-12-02 00:00:12 +0700"},"done":true},"minecraft:recipes/food/bread":{"criteria":{"has_wheat":"2024-12-02 00:00:24 +0700"},"done":true},"minecraft:recipes/building_blocks/hay_block":{"criteria":{"has_wheat":"2024-12-02 00:00:24 +0700"},"done":true},"minecraft:recipes/transportation/mangrove_boat":{"criteria":{"in_water":"2024-12-02 00:00:47 +0700"},"done":true},"minecraft:recipes/transportation/acacia_boat":{"criteria":{"in_water":"2024-12-02 00:00:47 +0700"},"done":true},"minecraft:recipes/transportation/cherry_boat":{"criteria":{"in_water":"2024-12-02 00:00:47 +0700"},"done":true},"minecraft:recipes/transportation/bamboo_raft":{"criteria":{"in_water":"2024-12-02 00:00:47 +0700"},"done":true},"minecraft:recipes/transportation/spruce_boat":{"criteria":{"in_water":"2024-12-02 00:00:47 +0700"},"done":true},"minecraft:recipes/transportation/birch_boat":{"criteria":{"in_water":"2024-12-02 00:00:47 +0700"},"done":true},"minecraft:recipes/transportation/oak_boat":{"criteria":{"in_water":"2024-12-02 00:00:47 +0700"},"done":true},"minecraft:recipes/transportation/jungle_boat":{"criteria":{"in_water":"2024-12-02 00:00:47 +0700"},"done":true},"minecraft:recipes/transportation/dark_oak_boat":{"criteria":{"in_water":"2024-12-02 00:00:47 +0700"},"done":true},"minecraft:recipes/food/cooked_salmon_from_smoking":{"criteria":{"has_salmon":"2024-12-02 00:01:12 +0700"},"done":true},"minecraft:recipes/food/cooked_salmon_from_campfire_cooking":{"criteria":{"has_salmon":"2024-12-02 00:01:12 +0700"},"done":true},"minecraft:recipes/food/cooked_salmon":{"criteria":{"has_salmon":"2024-12-02 00:01:12 +0700"},"done":true},"minecraft:recipes/misc/black_dye":{"criteria":{"has_ink_sac":"2024-12-02 00:01:33 +0700"},"done":true},"minecraft:recipes/decorations/composter":{"criteria":{"has_wood_slab":"2024-12-02 00:05:35 +0700"},"done":true},"minecraft:recipes/misc/pumpkin_seeds":{"criteria":{"has_pumpkin":"2024-12-02 11:23:20 +0700"},"done":true},"minecraft:recipes/food/pumpkin_pie":{"criteria":{"has_pumpkin":"2024-12-02 11:23:20 +0700"},"done":true},"minecraft:recipes/building_blocks/coal_block":{"criteria":{"has_coal":"2024-12-02 11:25:03 +0700"},"done":true},"minecraft:recipes/misc/iron_ingot_from_smelting_raw_iron":{"criteria":{"has_raw_iron":"2024-12-02 11:26:44 +0700"},"done":true},"minecraft:recipes/building_blocks/raw_iron_block":{"criteria":{"has_raw_iron":"2024-12-02 11:26:44 +0700"},"done":true},"minecraft:recipes/misc/iron_ingot_from_blasting_raw_iron":{"criteria":{"has_raw_iron":"2024-12-02 11:26:44 +0700"},"done":true},"minecraft:recipes/building_blocks/diorite_stairs_from_diorite_stonecutting":{"criteria":{"has_diorite":"2024-12-02 11:34:21 +0700"},"done":true},"minecraft:recipes/building_blocks/polished_diorite":{"criteria":{"has_diorite":"2024-12-02 11:34:21 +0700"},"done":true},"minecraft:recipes/building_blocks/diorite_slab":{"criteria":{"has_diorite":"2024-12-02 11:34:21 +0700"},"done":true},"minecraft:recipes/decorations/diorite_wall_from_diorite_stonecutting":{"criteria":{"has_diorite":"2024-12-02 11:34:21 +0700"},"done":true},"minecraft:recipes/building_blocks/andesite":{"criteria":{"has_stone":"2024-12-02 11:34:21 +0700"},"done":true},"minecraft:recipes/building_blocks/polished_diorite_from_diorite_stonecutting":{"criteria":{"has_diorite":"2024-12-02 11:34:21 +0700"},"done":true},"minecraft:recipes/decorations/diorite_wall":{"criteria":{"has_diorite":"2024-12-02 11:34:21 +0700"},"done":true},"minecraft:recipes/building_blocks/diorite_slab_from_diorite_stonecutting":{"criteria":{"has_diorite":"2024-12-02 11:34:21 +0700"},"done":true},"minecraft:recipes/building_blocks/polished_diorite_slab_from_diorite_stonecutting":{"criteria":{"has_diorite":"2024-12-02 11:34:21 +0700"},"done":true},"minecraft:recipes/building_blocks/polished_diorite_stairs_from_diorite_stonecutting":{"criteria":{"has_diorite":"2024-12-02 11:34:21 +0700"},"done":true},"minecraft:recipes/building_blocks/diorite_stairs":{"criteria":{"has_diorite":"2024-12-02 11:34:21 +0700"},"done":true},"minecraft:recipes/building_blocks/andesite_stairs_from_andesite_stonecutting":{"criteria":{"has_andesite":"2024-12-02 15:56:14 +0700"},"done":true},"minecraft:recipes/building_blocks/andesite_stairs":{"criteria":{"has_andesite":"2024-12-02 15:56:14 +0700"},"done":true},"minecraft:recipes/building_blocks/polished_andesite_from_andesite_stonecutting":{"criteria":{"has_andesite":"2024-12-02 15:56:14 +0700"},"done":true},"minecraft:recipes/building_blocks/polished_andesite":{"criteria":{"has_andesite":"2024-12-02 15:56:14 +0700"},"done":true},"minecraft:recipes/decorations/andesite_wall_from_andesite_stonecutting":{"criteria":{"has_andesite":"2024-12-02 15:56:14 +0700"},"done":true},"minecraft:recipes/building_blocks/polished_andesite_slab_from_andesite_stonecutting":{"criteria":{"has_andesite":"2024-12-02 15:56:14 +0700"},"done":true},"minecraft:recipes/decorations/andesite_wall":{"criteria":{"has_andesite":"2024-12-02 15:56:14 +0700"},"done":true},"minecraft:recipes/building_blocks/andesite_slab":{"criteria":{"has_andesite":"2024-12-02 15:56:14 +0700"},"done":true},"minecraft:recipes/building_blocks/polished_andesite_stairs_from_andesite_stonecutting":{"criteria":{"has_andesite":"2024-12-02 15:56:14 +0700"},"done":true},"minecraft:recipes/building_blocks/andesite_slab_from_andesite_stonecutting":{"criteria":{"has_andesite":"2024-12-02 15:56:14 +0700"},"done":true},"minecraft:recipes/misc/blue_dye":{"criteria":{"has_lapis_lazuli":"2024-12-02 15:56:41 +0700"},"done":true},"minecraft:recipes/building_blocks/lapis_block":{"criteria":{"has_lapis_lazuli":"2024-12-02 15:56:41 +0700"},"done":true},"minecraft:recipes/building_blocks/granite_stairs":{"criteria":{"has_granite":"2024-12-02 15:59:11 +0700"},"done":true},"minecraft:recipes/building_blocks/granite_stairs_from_granite_stonecutting":{"criteria":{"has_granite":"2024-12-02 15:59:11 +0700"},"done":true},"minecraft:recipes/decorations/granite_wall":{"criteria":{"has_granite":"2024-12-02 15:59:11 +0700"},"done":true},"minecraft:recipes/building_blocks/polished_granite_slab_from_granite_stonecutting":{"criteria":{"has_granite":"2024-12-02 15:59:11 +0700"},"done":true},"minecraft:recipes/building_blocks/granite_slab_from_granite_stonecutting":{"criteria":{"has_granite":"2024-12-02 15:59:11 +0700"},"done":true},"minecraft:recipes/building_blocks/polished_granite":{"criteria":{"has_granite":"2024-12-02 15:59:11 +0700"},"done":true},"minecraft:recipes/decorations/granite_wall_from_granite_stonecutting":{"criteria":{"has_granite":"2024-12-02 15:59:11 +0700"},"done":true},"minecraft:recipes/building_blocks/polished_granite_from_granite_stonecutting":{"criteria":{"has_granite":"2024-12-02 15:59:11 +0700"},"done":true},"minecraft:recipes/building_blocks/granite_slab":{"criteria":{"has_granite":"2024-12-02 15:59:11 +0700"},"done":true},"minecraft:recipes/building_blocks/polished_granite_stairs_from_granite_stonecutting":{"criteria":{"has_granite":"2024-12-02 15:59:11 +0700"},"done":true},"minecraft:recipes/misc/magenta_dye_from_lilac":{"criteria":{"has_lilac":"2024-12-02 16:00:58 +0700"},"done":true},"minecraft:recipes/building_blocks/stripped_oak_wood":{"criteria":{"has_log":"2024-12-02 16:12:26 +0700"},"done":true},"minecraft:recipes/decorations/oak_hanging_sign":{"criteria":{"has_stripped_logs":"2024-12-02 16:12:26 +0700"},"done":true},"minecraft:recipes/combat/iron_sword":{"criteria":{"has_iron_ingot":"2024-12-02 16:18:56 +0700"},"done":true},"minecraft:recipes/tools/iron_pickaxe":{"criteria":{"has_iron_ingot":"2024-12-02 16:18:56 +0700"},"done":true},"minecraft:recipes/combat/iron_leggings":{"criteria":{"has_iron_ingot":"2024-12-02 16:18:56 +0700"},"done":true},"minecraft:recipes/combat/shield":{"criteria":{"has_iron_ingot":"2024-12-02 16:18:56 +0700"},"done":true},"minecraft:recipes/redstone/hopper":{"criteria":{"has_iron_ingot":"2024-12-02 16:18:56 +0700"},"done":true},"minecraft:recipes/decorations/iron_bars":{"criteria":{"has_iron_ingot":"2024-12-02 16:18:56 +0700"},"done":true},"minecraft:recipes/combat/iron_boots":{"criteria":{"has_iron_ingot":"2024-12-02 16:18:56 +0700"},"done":true},"minecraft:recipes/combat/iron_chestplate":{"criteria":{"has_iron_ingot":"2024-12-02 16:18:56 +0700"},"done":true},"minecraft:recipes/decorations/lantern":{"criteria":{"has_iron_ingot":"2024-12-02 16:18:56 +0700"},"done":true},"minecraft:recipes/misc/iron_nugget":{"criteria":{"has_iron_ingot":"2024-12-02 16:18:56 +0700"},"done":true},"minecraft:recipes/misc/bucket":{"criteria":{"has_iron_ingot":"2024-12-02 16:18:56 +0700"},"done":true},"minecraft:recipes/combat/iron_helmet":{"criteria":{"has_iron_ingot":"2024-12-02 16:18:56 +0700"},"done":true},"minecraft:recipes/transportation/minecart":{"criteria":{"has_iron_ingot":"2024-12-02 16:18:56 +0700"},"done":true},"minecraft:recipes/tools/iron_hoe":{"criteria":{"has_iron_ingot":"2024-12-02 16:18:56 +0700"},"done":true},"minecraft:recipes/tools/iron_shovel":{"criteria":{"has_iron_ingot":"2024-12-02 16:18:56 +0700"},"done":true},"minecraft:story/smelt_iron":{"criteria":{"iron":"2024-12-02 16:18:56 +0700"},"done":true},"minecraft:recipes/tools/shears":{"criteria":{"has_iron_ingot":"2024-12-02 16:18:56 +0700"},"done":true},"minecraft:recipes/redstone/iron_trapdoor":{"criteria":{"has_iron_ingot":"2024-12-02 16:18:56 +0700"},"done":true},"minecraft:recipes/decorations/chain":{"criteria":{"has_iron_ingot":"2024-12-02 16:18:56 +0700"},"done":true},"minecraft:recipes/building_blocks/iron_block":{"criteria":{"has_iron_ingot":"2024-12-02 16:18:56 +0700"},"done":true},"minecraft:recipes/tools/iron_axe":{"criteria":{"has_iron_ingot":"2024-12-02 16:18:56 +0700"},"done":true},"minecraft:recipes/combat/crossbow":{"criteria":{"has_iron_ingot":"2024-12-02 16:18:56 +0700"},"done":true},"minecraft:recipes/decorations/smithing_table":{"criteria":{"has_iron_ingot":"2024-12-02 16:18:56 +0700"},"done":true},"minecraft:recipes/redstone/iron_door":{"criteria":{"has_iron_ingot":"2024-12-02 16:18:56 +0700"},"done":true},"minecraft:recipes/redstone/heavy_weighted_pressure_plate":{"criteria":{"has_iron_ingot":"2024-12-02 16:18:56 +0700"},"done":true},"minecraft:recipes/food/cake":{"criteria":{"has_egg":"2024-12-02 16:28:28 +0700"},"done":true},"minecraft:story/root":{"criteria":{"crafting_table":"2024-12-02 16:33:58 +0700"},"done":true},"minecraft:recipes/combat/bow":{"criteria":{"has_string":"2024-12-02 16:41:14 +0700"},"done":true},"minecraft:recipes/tools/fishing_rod":{"criteria":{"has_string":"2024-12-02 16:41:14 +0700"},"done":true},"minecraft:recipes/building_blocks/white_wool_from_string":{"criteria":{"has_string":"2024-12-02 16:41:14 +0700"},"done":true},"minecraft:recipes/redstone/tripwire_hook":{"criteria":{"has_string":"2024-12-02 16:41:14 +0700"},"done":true},"minecraft:recipes/decorations/candle":{"criteria":{"has_string":"2024-12-02 16:41:14 +0700"},"done":true},"minecraft:recipes/decorations/loom":{"criteria":{"has_string":"2024-12-02 16:41:14 +0700"},"done":true},"minecraft:recipes/tools/bundle":{"criteria":{"has_string":"2024-12-02 16:41:14 +0700"},"done":true},"minecraft:recipes/decorations/smoker":{"criteria":{"has_furnace":"2024-12-02 16:46:41 +0700"},"done":true},"minecraft:recipes/misc/iron_nugget_from_smelting":{"criteria":{"has_iron_pickaxe":"2024-12-02 16:48:16 +0700"},"done":true},"minecraft:story/iron_tools":{"criteria":{"iron_pickaxe":"2024-12-02 16:48:16 +0700"},"done":true},"minecraft:recipes/misc/iron_nugget_from_blasting":{"criteria":{"has_iron_pickaxe":"2024-12-02 16:48:16 +0700"},"done":true},"minecraft:story/obtain_armor":{"criteria":{"iron_chestplate":"2024-12-02 16:50:22 +0700"},"done":true},"minecraft:recipes/building_blocks/sandstone_stairs":{"criteria":{"has_sandstone":"2024-12-02 16:58:53 +0700"},"done":true},"minecraft:recipes/building_blocks/sandstone_slab":{"criteria":{"has_sandstone":"2024-12-02 16:58:53 +0700"},"done":true},"minecraft:recipes/building_blocks/cut_sandstone_from_sandstone_stonecutting":{"criteria":{"has_sandstone":"2024-12-02 16:58:53 +0700"},"done":true},"minecraft:recipes/building_blocks/chiseled_sandstone_from_sandstone_stonecutting":{"criteria":{"has_sandstone":"2024-12-02 16:58:53 +0700"},"done":true},"minecraft:recipes/building_blocks/smooth_sandstone":{"criteria":{"has_sandstone":"2024-12-02 16:58:53 +0700"},"done":true},"minecraft:recipes/decorations/sandstone_wall_from_sandstone_stonecutting":{"criteria":{"has_sandstone":"2024-12-02 16:58:53 +0700"},"done":true},"minecraft:recipes/building_blocks/cut_sandstone_slab_from_sandstone_stonecutting":{"criteria":{"has_sandstone":"2024-12-02 16:58:53 +0700"},"done":true},"minecraft:recipes/building_blocks/cut_sandstone":{"criteria":{"has_sandstone":"2024-12-02 16:58:53 +0700"},"done":true},"minecraft:recipes/building_blocks/sandstone_slab_from_sandstone_stonecutting":{"criteria":{"has_sandstone":"2024-12-02 16:58:53 +0700"},"done":true},"minecraft:recipes/building_blocks/sandstone_stairs_from_sandstone_stonecutting":{"criteria":{"has_sandstone":"2024-12-02 16:58:53 +0700"},"done":true},"minecraft:recipes/decorations/sandstone_wall":{"criteria":{"has_sandstone":"2024-12-02 16:58:53 +0700"},"done":true},"minecraft:story/deflect_arrow":{"criteria":{"deflected_projectile":"2024-12-02 17:01:53 +0700"},"done":true},"minecraft:recipes/food/cooked_beef_from_smoking":{"criteria":{"has_beef":"2024-12-02 17:06:50 +0700"},"done":true},"minecraft:recipes/food/cooked_beef":{"criteria":{"has_beef":"2024-12-02 17:06:50 +0700"},"done":true},"minecraft:recipes/food/cooked_beef_from_campfire_cooking":{"criteria":{"has_beef":"2024-12-02 17:06:50 +0700"},"done":true},"minecraft:recipes/combat/leather_helmet":{"criteria":{"has_leather":"2024-12-02 17:08:03 +0700"},"done":true},"minecraft:recipes/combat/leather_leggings":{"criteria":{"has_leather":"2024-12-02 17:08:03 +0700"},"done":true},"minecraft:recipes/decorations/item_frame":{"criteria":{"has_leather":"2024-12-02 17:08:03 +0700"},"done":true},"minecraft:recipes/combat/leather_chestplate":{"criteria":{"has_leather":"2024-12-02 17:08:03 +0700"},"done":true},"minecraft:recipes/combat/leather_boots":{"criteria":{"has_leather":"2024-12-02 17:08:03 +0700"},"done":true},"minecraft:recipes/misc/leather_horse_armor":{"criteria":{"has_leather":"2024-12-02 17:08:03 +0700"},"done":true},"minecraft:recipes/misc/gold_nugget_from_smelting":{"criteria":{"has_golden_sword":"2024-12-02 17:09:03 +0700"},"done":true},"minecraft:recipes/misc/gold_nugget_from_blasting":{"criteria":{"has_golden_sword":"2024-12-02 17:09:03 +0700"},"done":true},"minecraft:recipes/decorations/fletching_table":{"criteria":{"has_flint":"2024-12-02 17:09:10 +0700"},"done":true},"minecraft:recipes/tools/flint_and_steel":{"criteria":{"has_flint":"2024-12-02 17:09:10 +0700"},"done":true},"minecraft:recipes/combat/arrow":{"criteria":{"has_flint":"2024-12-02 17:09:10 +0700"},"done":true},"minecraft:story/form_obsidian":{"criteria":{"obsidian":"2024-12-02 17:09:11 +0700"},"done":true},"minecraft:recipes/decorations/enchanting_table":{"criteria":{"has_obsidian":"2024-12-02 17:09:11 +0700"},"done":true},"minecraft:recipes/misc/gold_ingot_from_nuggets":{"criteria":{"has_gold_nugget":"2024-12-02 17:09:12 +0700"},"done":true},"minecraft:recipes/brewing/golden_carrot":{"criteria":{"has_gold_nugget":"2024-12-02 17:09:12 +0700"},"done":true},"minecraft:recipes/misc/gold_ingot_from_gold_block":{"criteria":{"has_gold_block":"2024-12-02 17:09:36 +0700"},"done":true},"minecraft:recipes/food/cooked_chicken_from_campfire_cooking":{"criteria":{"has_chicken":"2024-12-02 17:10:15 +0700"},"done":true},"minecraft:recipes/food/cooked_chicken":{"criteria":{"has_chicken":"2024-12-02 17:10:15 +0700"},"done":true},"minecraft:recipes/food/cooked_chicken_from_smoking":{"criteria":{"has_chicken":"2024-12-02 17:10:15 +0700"},"done":true},"minecraft:recipes/building_blocks/spruce_planks":{"criteria":{"has_logs":"2024-12-02 17:13:01 +0700"},"done":true},"minecraft:recipes/building_blocks/spruce_wood":{"criteria":{"has_log":"2024-12-02 17:13:01 +0700"},"done":true},"minecraft:recipes/redstone/dispenser":{"criteria":{"has_bow":"2024-12-03 00:24:04 +0700"},"done":true},"minecraft:recipes/food/cooked_porkchop":{"criteria":{"has_porkchop":"2024-12-03 00:25:26 +0700"},"done":true},"minecraft:recipes/food/cooked_porkchop_from_campfire_cooking":{"criteria":{"has_porkchop":"2024-12-03 00:25:26 +0700"},"done":true},"minecraft:recipes/food/cooked_porkchop_from_smoking":{"criteria":{"has_porkchop":"2024-12-03 00:25:26 +0700"},"done":true},"DataVersion":4082}