{"stats":{"minecraft:dropped":{"minecraft:oak_trapdoor":1,"minecraft:salmon":1,"minecraft:stick":1,"minecraft:torch":24,"minecraft:chest":2,"minecraft:sand":1},"minecraft:broken":{"minecraft:stone_axe":1,"minecraft:wooden_axe":1,"minecraft:stone_shovel":1},"minecraft:mined":{"minecraft:oak_slab":3,"minecraft:crafting_table":1,"minecraft:ladder":1,"minecraft:short_grass":7,"minecraft:grass_block":11,"minecraft:chest":1,"minecraft:oak_planks":4,"minecraft:seagrass":1,"minecraft:birch_planks":6,"minecraft:tall_seagrass":2,"minecraft:birch_log":46,"minecraft:birch_leaves":8,"minecraft:andesite":2,"minecraft:peony":6,"minecraft:oak_log":90,"minecraft:oak_stairs":2,"minecraft:sand":160,"minecraft:dirt":1,"minecraft:stone":28,"minecraft:oak_leaves":45},"minecraft:picked_up":{"minecraft:birch_log":47,"minecraft:feather":3,"minecraft:cooked_beef":9,"minecraft:chicken":5,"minecraft:ladder":5,"minecraft:salmon":29,"minecraft:andesite":2,"minecraft:leather":5,"minecraft:oak_stairs":2,"minecraft:birch_planks":5,"minecraft:oak_log":89,"minecraft:gunpowder":1,"minecraft:oak_trapdoor":1,"minecraft:dirt":31,"minecraft:cooked_salmon":21,"minecraft:wooden_sword":1,"minecraft:cooked_mutton":8,"minecraft:bone":2,"minecraft:apple":3,"minecraft:wheat_seeds":2,"minecraft:beef":9,"minecraft:cooked_chicken":5,"minecraft:chest":3,"minecraft:birch_sapling":2,"minecraft:oak_planks":3,"minecraft:oak_slab":3,"minecraft:stick":9,"minecraft:torch":24,"minecraft:sand":159,"minecraft:arrow":1,"minecraft:rotten_flesh":4,"minecraft:stone_axe":1,"minecraft:peony":13,"minecraft:bone_meal":2,"minecraft:gray_wool":1,"minecraft:oak_sapling":13,"minecraft:mutton":8,"minecraft:white_wool":5,"minecraft:cobblestone":28},"minecraft:crafted":{"minecraft:wooden_sword":1,"minecraft:oak_slab":6,"minecraft:oak_planks":300,"minecraft:wooden_shovel":1,"minecraft:stone_shovel":1,"minecraft:oak_sign":6,"minecraft:crafting_table":3,"minecraft:wooden_pickaxe":1,"minecraft:birch_slab":60,"minecraft:furnace":1,"minecraft:bone_meal":6,"minecraft:birch_planks":160,"minecraft:campfire":1,"minecraft:stone_axe":2,"minecraft:oak_trapdoor":4,"minecraft:glass":38,"minecraft:charcoal":14,"minecraft:ladder":15,"minecraft:stick":80,"minecraft:oak_stairs":40,"minecraft:stone_pickaxe":1,"minecraft:wooden_axe":1,"minecraft:chest":4,"minecraft:white_bed":1,"minecraft:torch":24},"minecraft:custom":{"minecraft:interact_with_furnace":19,"minecraft:mob_kills":40,"minecraft:interact_with_crafting_table":30,"minecraft:interact_with_campfire":40,"minecraft:leave_game":4,"minecraft:time_since_death":38213,"minecraft:sleep_in_bed":1,"minecraft:climb_one_cm":13493,"minecraft:time_since_rest":16744,"minecraft:sprint_one_cm":100045,"minecraft:damage_taken":1301,"minecraft:walk_one_cm":325856,"minecraft:drop":7,"minecraft:damage_dealt":2793,"minecraft:swim_one_cm":23345,"minecraft:fly_one_cm":21061,"minecraft:open_chest":36,"minecraft:crouch_one_cm":18303,"minecraft:play_time":89565,"minecraft:deaths":3,"minecraft:sneak_time":7091,"minecraft:walk_under_water_one_cm":5528,"minecraft:jump":581,"minecraft:walk_on_water_one_cm":9615,"minecraft:total_world_time":89565,"minecraft:fall_one_cm":11909},"minecraft:used":{"minecraft:oak_trapdoor":2,"minecraft:birch_planks":89,"minecraft:stone_shovel":132,"minecraft:stone_pickaxe":2,"minecraft:oak_planks":77,"minecraft:ladder":13,"minecraft:oak_sign":3,"minecraft:chest":5,"minecraft:wooden_pickaxe":36,"minecraft:cooked_chicken":3,"minecraft:cooked_salmon":5,"minecraft:rotten_flesh":2,"minecraft:sand":1,"minecraft:dirt":19,"minecraft:oak_slab":7,"minecraft:crafting_table":3,"minecraft:white_bed":1,"minecraft:campfire":1,"minecraft:glass":34,"minecraft:wooden_axe":54,"minecraft:apple":1,"minecraft:birch_slab":59,"minecraft:oak_stairs":38,"minecraft:stone_axe":168,"minecraft:wooden_sword":38,"minecraft:furnace":1,"minecraft:birch_log":3},"minecraft:killed_by":{"minecraft:zombie":2},"minecraft:killed":{"minecraft:salmon":18,"minecraft:creeper":1,"minecraft:sheep":6,"minecraft:zombie":4,"minecraft:chicken":5,"minecraft:cow":5}},"DataVersion":4082}