{"stats":{"minecraft:dropped":{"minecraft:cobblestone":38,"minecraft:leather":4,"minecraft:torch":3,"minecraft:andesite":1},"minecraft:broken":{"minecraft:stone_hoe":1,"minecraft:stone_pickaxe":3,"minecraft:stone_axe":2},"minecraft:mined":{"minecraft:white_bed":3,"minecraft:granite":64,"minecraft:grass_block":4,"minecraft:birch_slab":3,"minecraft:sandstone":2,"minecraft:tall_seagrass":4,"minecraft:oak_trapdoor":1,"minecraft:furnace":1,"minecraft:iron_ore":44,"minecraft:andesite":34,"minecraft:pumpkin":5,"minecraft:gold_block":1,"minecraft:dirt_path":1,"minecraft:stripped_oak_log":1,"minecraft:stone":418,"minecraft:oak_fence":2,"minecraft:crafting_table":2,"minecraft:clay":1,"minecraft:torch":3,"minecraft:short_grass":44,"minecraft:chest":1,"minecraft:cobblestone":6,"minecraft:tall_grass":1,"minecraft:copper_ore":15,"minecraft:lapis_ore":2,"minecraft:diorite":30,"minecraft:wall_torch":4,"minecraft:seagrass":1,"minecraft:birch_log":35,"minecraft:wheat":4,"minecraft:lilac":1,"minecraft:spruce_log":10,"minecraft:birch_leaves":12,"minecraft:oak_log":94,"minecraft:coal_ore":51,"minecraft:oak_fence_gate":1,"minecraft:sand":44,"minecraft:dirt":11,"minecraft:netherrack":1,"minecraft:oak_leaves":66},"minecraft:picked_up":{"minecraft:crafting_table":2,"minecraft:wheat":2,"minecraft:chicken":2,"minecraft:ladder":2,"minecraft:clay_ball":4,"minecraft:gold_block":1,"minecraft:string":6,"minecraft:oak_trapdoor":1,"minecraft:raw_copper":130,"minecraft:cooked_salmon":8,"minecraft:beef":9,"minecraft:chest":1,"minecraft:birch_sapling":6,"minecraft:egg":2,"minecraft:furnace":2,"minecraft:stick":46,"minecraft:raw_iron":44,"minecraft:sandstone":1,"minecraft:oak_fence":13,"minecraft:torch":11,"minecraft:porkchop":6,"minecraft:diorite":57,"minecraft:stone_sword":1,"minecraft:arrow":2,"minecraft:rotten_flesh":20,"minecraft:stone_shovel":3,"minecraft:mutton":7,"minecraft:white_wool":5,"minecraft:cobblestone":550,"minecraft:stripped_oak_log":1,"minecraft:birch_log":40,"minecraft:lilac":2,"minecraft:feather":2,"minecraft:cooked_beef":12,"minecraft:andesite":56,"minecraft:birch_slab":4,"minecraft:salmon":5,"minecraft:leather":8,"minecraft:birch_planks":30,"minecraft:oak_log":97,"minecraft:lapis_lazuli":26,"minecraft:dirt":49,"minecraft:cooked_mutton":4,"minecraft:bone":4,"minecraft:apple":2,"minecraft:wheat_seeds":15,"minecraft:cooked_chicken":2,"minecraft:oak_fence_gate":2,"minecraft:stone_pickaxe":3,"minecraft:oak_planks":142,"minecraft:stone_hoe":2,"minecraft:cooked_porkchop":5,"minecraft:pumpkin":5,"minecraft:sand":121,"minecraft:ink_sac":2,"minecraft:white_bed":3,"minecraft:spruce_log":10,"minecraft:stone_axe":4,"minecraft:granite":125,"minecraft:bone_meal":1,"minecraft:oak_sapling":25,"minecraft:coal":61},"minecraft:crafted":{"minecraft:oak_door":3,"minecraft:oak_planks":204,"minecraft:stone_shovel":1,"minecraft:birch_slab":6,"minecraft:furnace":2,"minecraft:bone_meal":3,"minecraft:iron_boots":1,"minecraft:bow":1,"minecraft:iron_axe":1,"minecraft:stone_pickaxe":5,"minecraft:chest":3,"minecraft:stone_hoe":2,"minecraft:oak_fence":30,"minecraft:arrow":8,"minecraft:crafting_table":2,"minecraft:iron_helmet":1,"minecraft:iron_sword":1,"minecraft:pumpkin_seeds":20,"minecraft:campfire":2,"minecraft:stone_axe":4,"minecraft:oak_fence_gate":2,"minecraft:iron_chestplate":1,"minecraft:charcoal":1,"minecraft:shield":1,"minecraft:stick":72,"minecraft:iron_ingot":44,"minecraft:iron_pickaxe":1,"minecraft:stone_sword":1,"minecraft:iron_leggings":1,"minecraft:torch":60},"minecraft:custom":{"minecraft:mob_kills":39,"minecraft:interact_with_crafting_table":45,"minecraft:interact_with_campfire":26,"minecraft:leave_game":13,"minecraft:time_since_death":102228,"minecraft:climb_one_cm":15869,"minecraft:sprint_one_cm":247869,"minecraft:walk_one_cm":618035,"minecraft:damage_blocked_by_shield":903,"minecraft:drop":6,"minecraft:play_time":175704,"minecraft:deaths":3,"minecraft:sneak_time":13921,"minecraft:walk_under_water_one_cm":13445,"minecraft:jump":1621,"minecraft:walk_on_water_one_cm":27140,"minecraft:total_world_time":175704,"minecraft:interact_with_furnace":26,"minecraft:sleep_in_bed":5,"minecraft:time_since_rest":87841,"minecraft:damage_taken":3119,"minecraft:damage_dealt":5398,"minecraft:swim_one_cm":55415,"minecraft:fly_one_cm":43516,"minecraft:open_chest":63,"minecraft:crouch_one_cm":23212,"minecraft:fall_one_cm":32586},"minecraft:used":{"minecraft:oak_fence":21,"minecraft:stone_sword":114,"minecraft:stone_shovel":68,"minecraft:ladder":4,"minecraft:chest":4,"minecraft:shield":27,"minecraft:iron_sword":53,"minecraft:cooked_salmon":5,"minecraft:stone_hoe":132,"minecraft:rotten_flesh":3,"minecraft:oak_door":3,"minecraft:torch":88,"minecraft:dirt":3,"minecraft:oak_fence_gate":2,"minecraft:iron_axe":22,"minecraft:birch_sapling":4,"minecraft:iron_helmet":1,"minecraft:iron_boots":1,"minecraft:oak_sapling":3,"minecraft:furnace":2,"minecraft:cooked_beef":3,"minecraft:wheat_seeds":16,"minecraft:cooked_mutton":10,"minecraft:diorite":1,"minecraft:stone_pickaxe":637,"minecraft:sand":165,"minecraft:crafting_table":4,"minecraft:white_bed":3,"minecraft:campfire":2,"minecraft:pumpkin_seeds":20,"minecraft:birch_slab":4,"minecraft:iron_pickaxe":45,"minecraft:stone_axe":270,"minecraft:cobblestone":133,"minecraft:andesite":32,"minecraft:bone_meal":4},"minecraft:killed_by":{"minecraft:zombie":1},"minecraft:killed":{"minecraft:spider":2,"minecraft:skeleton":3,"minecraft:chicken":2,"minecraft:pig":3,"minecraft:salmon":7,"minecraft:sheep":3,"minecraft:zombie":15,"minecraft:cow":3}},"DataVersion":4082}